left,up,down,right
,,,
,,,
,,,
1,,,
,,,
,2,,
,,,
1,,,
,,,
1,,,
,,,
,2,,
,,,
,,3,
,,,
,,,4
,,,
1,,,
,,,
,2,,
,,,
,,3,
,,,
,,,4
,,,
1,,,
,,,
,2,,
,,,
,,3,
,,,
,,,4
,,,
,,,
,,,
1,,,
,,,
,2,,
,,,
1,,,
,,,
1,,,
,,,
,2,,
,,,
,,3,
,,,
,,,4
,,,
1,,,
,,,
,2,,
,,,
,,3,
,,,
,,,4
,,,
1,,,
,,,
,2,,
,,,
,,3,
,,,
,,,4
,,,
,,,
,,,
1,,,
,,,
,2,,
,,,
1,,,
,,,
1,,,
,,,
,2,,
,,,
,,3,
,,,
,,,4
,,,
1,,,
,,,
,2,,
,,,
,,3,
,,,
,,,4
,,,
1,,,
,,,
,2,,
,,,
,,3,
,,,
,,,4
,,,
,,,
,,,
1,,,
,,,
,2,,
,,,
1,,,
,,,
1,,,
,,,
,2,,
,,,
,,3,
,,,
,,,4
,,,
1,,,
,,,
,2,,
,,,
,,3,
,,,
,,,4
,,,
1,,,
,,,
,2,,
,,,
,,3,
,,,
,,,4
,,,
,2,,4
,,,
,,,
,2,,4
,,,
,,3,
,2,,
,,3,
,,,
,2,,4
,,,
,2,,4
,,,
,2,,
1,,,
,,,
1,,3,
,,,
,,,
1,,3,
,,,
,,,4
,,,
,,,
,,,
,,,
1,,3,
1,,3,
,,,
,,,1
,,,
,,,
,2,,4
,,,
,,,
,2,,4
,,,
,,3,
,2,,
,,3,
,,,
,2,,4
,,,
,2,,4
,,,
,2,,
1,,,
,,,
1,,3,
,,,
,2,,
1,,3,
,,,
,2,,
,,,4
,,,
,,,4
,,,
1,,3,
1,,3,
,,,
1,2,,
,,,
,,,
1,,,
,,,
,,,4
,,,
,,,
,,,
,,3,
,,,
1,,,
,,,
,,,
,,,
,,,
,,,
,2,,
,,,
1,,,
,,,
,2,,
,,,
,,,4
,,,
,,3,
,,,
,2,,
,,,
,,,
,,,
,,,
,,,
,,,
,,,
1,,,
,,,
,,,
,,,
1,,,
,2,,
,2,3,
,,3,
,,,4
,,,
,,,
,,,
,,,
,,,
,,3,
,,,
1,,,
,,,
,2,,
,,,
,,,4
,,,
,,3,
,,,
,2,,
,,,
,,,
,,,
,,,
,,,
,,,
,,,
,,,
,,,
,,,4
,,,
,,,
,,,
,,2,
,,,
1,,,
,,,
,,,
,,,
,,,
,,,
,2,,
,,,
1,,3,
,,,
,,,
,,,
,3,,4
,,,
,,,
,,,
1,2,,4
,,,
,,,
,,,
,,,
,,,
,,,
,,,4
,,,
,,,
,,,
,,,
,,,
1,,,
,,,
,,,4
,,,
,,,
,,3,
,,,
,,,
,2,,
,,,
,,,
1,,,
,,,
,,,
,,,
,,,
,,,
,,3,
,,,
,,,4
,,,
1,,,
,,,
,2,,
,,,
,,3,
,,,
,2,,4
,,,8
,,,8
,,,8
,,,8
,,,8
,,,8
,,,8
,,,8
,,,8
,,,
,,,4
,,,
,,,
,,,
,,,
,,,
,,,
,,,
,,3,
,,,
,,,
,,,
,,,
1,,,
5,,,
5,,,
5,,,
5,,,
5,,,
5,,,
5,,,
5,,,
5,,,
5,,,
5,,,
,2,,
,,,
,,3,
,,,
,,,4
,,,
,,3,
,,7,
,,7,
,,7,
,,7,
,,,
,,3,
,,,
,,,
,,,
,,,
,2,,
,,,
,,,
1,,,
,,,
,,,
,,,
,,,
,,,
,,,4
,,3,
1,,,
,,,
,,,
,,,
,,,4
,,3,
,,3,
,,,
,2,  ,
,,,
,,,
,,,
,,,
,,,
,,3,
,,,
,2,,
,,,
,,,
,,,
,,,
,,,
1,,,
,,,
,2,,
,,,
,,,
,,,
,,,
,,,
,,,
,,,
0,0,0,0
,,,
,,,
,,,
,2,,
,,,
,,,4
,,,
,,3,
,,7,
,,7,
,,7,
,,7,
,,7,
,,7,
,,7,
,,7,
,,,
,,3,
,2,,
1,,,
,,,
,,,
,,,
,,,4
,,,
,,3,
,,,
,2,,
,,,
1,,,
,,,
,,,
,,,
,,,4
,,,8
,,,8
,,,8
,,3,
,,,
,2,,
,,,
,,,
,,,
,,,
,,,
1,,,
,,,
1,,3,
,,,
,,,
,,,
,2,,4
,,,
,,,
,,,
1,,,4
,,,
,,,
,,,
,,,
,,,
,,,
,,,
,,,4
,,,
,,,
,,,
,,,
1,,,
,,,
,2,,
,,,
,,,
,,3,
,,,
,,,
,2,,
,,,
,,,
1,,,
5,,,
5,,,
5,,,
5,,,
5,,,
,2,,
,,,
,,,4
,,,
1,,,
,,,
,2,,
,,,
,,3,
,,,
,,,
,,,
,,,
,,,
,,,
,,,
,,,
,,,
,,,
,,,
,,,
,,,
,,,
,,,
,,,
,,,
,,,
,,,
,,,
,,,
,,,
,,,
,,,
,,,
,,,
,,,
,,,9
