  ,up,dowm,right
,,,
,,,
0,,,
,,,
,,,
,,,
0,,,
,,,
,,,
,,,
0,,,
,,,
,,,
,,,
0,,,
,,,
,,,
,,,
0,,,
,,,
,,,
,,,
0,,,
,,,
,,,
,,,
0,,,
,,,
,,,
,,,
0,,,
,,,
,,,
,,,
0,,,
,,,
,,,
,,,
0,,,
,,,
,,,
,,,
0,,,
,,,
,,,
,,,
0,,,
,,,
,,,
,,,
0,,,
,,,
,,,
,,,
0,,,
,,,
,,,
,,,
0,,,
,,,
,,,
,,,
,,,
,,,
,,,
,,,
,,,
,,,
1,2,3,4
,,,
,,,
,,,
,,,
,,,
,,,
,,,
,,,
,,,
,,,
,,,
,,,
,,,
,,,
,,,
1,,,
,,,
5,,,
,,,
5,,,
,,,
5,,,
,,,
,2,,
,,,
,6,,
,,,
,6,,
,,,
,6,,
,,,
,,3,
,,,
,,7,
,,,
,,7,
,,,
,,7,
,,,
,,,
,,,
,,,
,,,
,,,
,,,
,,,
,,,
,,,
,,,
,,,
,,,
,,,
,,,
,,,
,,,
,,,
,,,
,,,
,,,
,,,
,,,
,,,
,,,
1,2,3,4
,,,
,,,
,,,
,,,
,,,
,,,
,,,
,,,
,,,
,,,
,,,
1,,,
,,,
,,,
,,,
,2,,
,,,
,,,
,,,
,,,
,,,
,,,
,,,
1,,,
,,,
,2,,
,,,
,,,4
,,,
,,,
,,,
,,,4
,,,
,,3,
,,,
,2,,
,,,
,,,
,,,
,,,4
,,,
,,,
,,,
,,,
,,,
,,,
,,,
,,3,
,,,
,2,,
,,,
,2,,
1,,,
,2,,
,,,
,,,4
,,3,
,,,4
1,,,
,2,,
,0,,
,0,,
,0,,
1,,,4
,,,
,,,
,,,
,,,
,,,
,,,
,,,
1,,3,
,,,
,,,
,,,
,,,
,,,
,,,4
,,,
,,3,
,,,
,,,
,,,
,,,
,,,
,,,
,,,
,2,,
,,,
1,,,
,2,,
1,,,4
,,,
,,,
,,,
1,,,
,,,
,,,
,2,,
,,,
,,,
,,3,
,,,
,,,
,2,,
,,,
,,,
,,,1
,,,
,,,
,,,
1,2,3,4
,,,
,,,
,,,
1,2,3,4
,,,
,,,
,,,
1,2,3,4
,,,
,,,
,,,
1,2,3,4
,,,
,,,
,,,
1,,,4
,,,
,,,
,,,
,,,
,,,
,,,
,,,
1,,3,
,,,
,,,
,,,
,,,
,,,
,,3,4
,,,
,2,3,
,,,
,,,
,,,
,,,4
,,,
,,,
,,,
,,3,
,,,
,,,
,,,
,2,,
,,,
,,,
,,,
,,,4
,,,
,,3,
,,,
,2,,
,,,
,,1,
,,,
1,,,4
,,,
,,,
,,,
,2,,4
,,,
,,,
,,,
,,,
,,,
,,,
,,,
,,3,
,,,
,2,,
,,,
,,3,
,,,
,2,,
,,,
,,,4
,,,
,,3,
,,,
1,2,3,4
,,,
,,,
,,,
,2,,
,,,
,,3,
,,,
,2,,
,,,
1,,,
,,,
,2,,
,,,
,,3,
,,,
,2,,
,,,
,,,
,,,
,2,,
,,,
,,,
,,,
,,3,
,,,
,,,
,,,
,,,4
,,,
,,,
,,,
,2,,
1,,,
,2,,
,,3,
,,,4
,,,
1,,,
,,,
,2,,
,,,
,,3,
,,,
,,,4
,,,
,,3,
,,,
,2,,4
,,,
,,,
,,,
1,,,4
,,,
,,,
,,,
1,,3,
,,,
,,,
,,,
1,2,,
